Filename,Run Count,Last Run Date
"D:\vam_resources\vam\Custom\Atom\Person\Appearance\Appearance @#vam.txt",5,133837432992028117
"D:\vam_resources\vam\Custom\Atom\Person\Morphs\female_genitalia\(1)MyMorphs\female genitalia Morphs @#vam.txt",4,133833160363743830
"D:\vam_resources\vam\Custom\Atom\Person\Morphs\female\(1)MyMorphs\female Morphs @#vam.txt",4,133826965693694840
"D:\vam_resources\vam\Custom\Atom\Person\Morphs\female\(1)MyMorphs\my female Morphs @#vam.txt",3,133837425042948451
"P:\f\Voice2\RJ01219422 [3시간×W드S 자매×W감금 능○]~6년만의 시골로 귀향한 나는…소중한 약속을 잊고 소꿉친구 자매에게 저질러져 탐닉한다… ~도스케베폭유 S자매 JK×2에 의한 W능○감금성 활동",3,133812474432421470
"D:\vam_resources\vars\___VarTidied___\vvvevevvv\vvvevevvv.Dark_Plague_Dress.1.var",2,133840724775824850
"D:\vam_resources\vars\vamManagerVars@#vam.txt",2,133840680283677540
"D:\vam_resources\vars\Plugins\none_var\cpu_patch\patched12\plotThreadProfile.py",2,133839739876877534
"C:\Users\creat\AppData\Roaming\alacritty\alacritty@#config.txt",2,133838291238551973
"D:\vam_resources\Collections\Collections\vam_odd",2,133833039857418970
"D:\vam_resources\Collections\Collections\QFeng",2,133833039354424486
"D:\vam_resources\Collections\Collections\ZENMocap",2,133827020449045356
"D:\vam_resources\Collections\Collections\CG-Studios",2,133826956570382744
"D:\vam_resources\Collections\Collections\Anjbgo",2,133826939175843434
"D:\vam_resources\Collections\Collections\VAMFantasy\VAMFantasy_Collection-2024-08-02\VAMFantasy.Liz_Cherraud.21.var",2,133826914074704023
"Q:\s\voice\(1)unwrap\V-RJ01316883\V-RJ01316883\RJ01316883\RJ01316883.zip",2,133812449674839222
"D:\vam_resources\Dependency\AshAuryn.Assorted_Expressions_Pack_2.3.var",2,133807269885264555
"P:\f\Voice2\RJ01177786_[카운트다운,메스가키]교활한 메스가키의 100초 매도 카운트다운!",2,133797797497704523
"D:\vam_resources\Collections\Collections\TGC\TGC.Clothing_NooN_LatexGloves.1.var",2,133797776557731007
"S:\s\voice\RJ01187983 [힐링,매도] 도태되어 버린 불쌍한 동정 씨는 자비로운 천사님과 팡~ 팡~ 섹스 트레이닝♪",2,133797749356306003
"C:\Users\creat\anaconda3\_conda.exe",1,133840929257459582
"D:\vam_resources\Plugins\plugin @#vam.txt",1,133840746965624325
"D:\vam_resources\vars\___VarTidied___\Riddler\Riddler.RaquelLovesElin.1.var",1,133840740361083083
"D:\vam_resources\vars\___VarnotComplyRule___\Riddler.Farm_Boots.1.var",1,133840715942526557
"D:\vam_resources\vars\___VarTidied___\Riddler\Riddler.Farm_Boots.1.var",1,133840715885714280
"D:\vam_resources\vars\___VarTidied___\Riddler\Riddler.Dakota.1.var",1,133840715850431429
"D:\vam_resources\vars\___VarTidied___\Riddler\Riddler.Cordelia.1.var",1,133840715821989506
"C:\Users\creat\mydoc\win_configs\Everything\Everything settings mydoc @#config.every.txt",1,133840673194201725
"C:\Users\creat\AppData\Roaming\Everything\Everything settings target @#config.every.txt",1,133840673028826929
"D:\vam_resources\Collections\after_var_moved\VAM_Archer\VAM_Archer_Collection_2024-04-20_Looks-Pack_1\VAM_Archer_Collection\Looks\Medusa + Trendy Banshee 美杜莎+潮女妖\22.0.1\Vam_Data\Managed\mscorlib.dll",1,133839924532256820
"D:\vam_resources\Collections\Collections\_part1\VAM_Archer\VAM_Archer_Collection_2024-04-20_Looks-Pack_1\VAM_Archer_Collection\Looks\Medusa + Trendy Banshee 美杜莎+潮女妖\AddonPackages\Archer.ChaoNvYaoX.1 .var",1,133839917856761070
"D:\vam_resources\Collections\Collections\_part1\bangbang\Custom\Hair\Female\xiaotumo\TQCL\P1.vaj",1,133839906439753688
"D:\vam_resources\vars\___VarTidied___\jj builds",1,133839882140626577
"C:\Users\creat\vam2\___addonpacksswitch ___\default\___VarsLink___\Blazedust.Script_ParentHoldLink.1.var",1,133839819682401629
"D:\vam_resources\vars\___VarTidied___\AcidBubbles\AcidBubbles.Timeline.200.var",1,133839778810511802
"D:\vam_resources\Collections\DoNotLoadAsVar\未知\Custom\Clothing\Female\SupaRioAmateur\Layered Makeups\Layered Beauty Mark 2.vam",1,133839752976038347
"D:\vam_resources\vars\Plugins\session\Ruvik.PosingHelper.88\Custom\Scripts\PosingHelper\PHEyes.cs",1,133839739506931053
"C:\$Recycle.Bin",1,133838973362849989
"C:\Users\creat\AppData\Roaming\alacritty",1,133838875697745440
"C:\Users\creat\mydoc\configs\.config\alacritty",1,133838875615877368
"D:\vam_resources\Plugins\session\Ruvik.PosingHelper.88.var",1,133838072772990055
"D:\vam_resources\vam\work\work @#vam.txt",1,133837613334450314
"C:\Program Files\Alacritty\alacritty.exe",1,133837191618662277
"C:\Users\creat\OneDrive\문서\PowerShell\PwshProfile@#config.txt",1,133837160057661737
"C:\Users\creat\OneDrive\문서\PowerShell\Microsoft.PowerShell_profile.ps1",1,133837159474793122
"C:\Users\creat\AppData\Roaming\rustfmt\rustfmt.toml",1,133836625117342323
"C:\Users\creat\Projects\Tests01\the_cave_tests\downloader_test02\LoggerTest\config.yaml.@#config.otel.yaml",1,133836490199817085
"D:\vam_resources\vam\Custom\Clothing\Female\tolborg\Layered Makeup Mask\Tex\EyeShadow_A.png",1,133833210675541405
"D:\vam_resources\Collections\Collections\RANGO",1,133833169116881564
"D:\vam_resources\Collections\Collections\qiaqia04",1,133833039687228202
"D:\vam_resources\Collections\Collections\AlpacaLaps",1,133826957942262066
"D:\vam_resources\Collections\Collections\AlpacaLaps Collection [2023-06-14]",1,133826957034025972
"D:\vam_resources\Collections\Collections\VAMSOY",1,133826941463268684
"D:\vam_resources\Collections\Collections\DemonLord",1,133826940259288527
"D:\vam_resources\Collections\Collections\Chill_PopRun",1,133826938363643211
"D:\vam_resources\Collections\Collections\VirtAmateur",1,133826929874371594
"D:\vam_resources\Collections\Collections\MonsterShinkai",1,133826929250074730
"D:\vam_resources\Collections\Collections\PrimeMocap",1,133826924395171878
"D:\vam_resources\Collections\Collections\AndiFangs",1,133826923141750440
"D:\vam_resources\Collections\Collections\(1)etc\Chinese\vamxw.高中生苏笑笑.1.var",1,133826922573744980
"D:\vam_resources\Plugins\scence\female\everlaster.Naturalis.90.var",1,133826919683823485
"D:\vam_resources\Plugins\scence\everlaster.Snippets.11.var",1,133826916814584583
"D:\vam_resources\Dependency\Androinz.Belline_Ultimate.3.var",1,133826915658778221
"D:\vam_resources\Collections\Collections\ZENMocap\Zenmocap_Col_Update-2024-10-28\Zen.ZEN_227.1.var",1,133826914848109504
"D:\vam_resources\Collections\Collections\VL_13\VL_13_Collection_20230716\Pants RT\VL_13.Pants_RT.1.var",1,133826914646567989
"D:\vam_resources\Collections\Collections\Vam_Herous\Vam_Herous_Collection_2024-09-28\Vam_Herous.Pose_MFF_free.1.var",1,133826914518066887
"D:\vam_resources\Collections\Collections\VAMSOY\Scenes\VAMSOY.The_Raining_Night_2_0.2.var",1,133826914394237539
"D:\vam_resources\Collections\Collections\Riddler\Riddler.Skin_14b.2.var",1,133826913855126716
"D:\vam_resources\Collections\Collections\Feel\Feel_Collection_2024-03-01\Feel Collection 2024-03-01\Assets\Feel.HarleyDavidson.2.var",1,133826913609868443
"D:\vam_resources\Collections\Collections\vamhappy",1,133826903349924091
"D:\vam_resources\Collections\Collections\vvvevevvv",1,133826881510117210
"D:\vam_resources\Collections\Collections\K-DURK\K-DURK-K-DUCK_Collection\K-DURK.hero-rivers.2.var",1,133826875841469334
"D:\vam_resources\Collections\Collections\Jell",1,133826864883534355
"D:\vam_resources\Collections\Collections\Annubis",1,133826862153668389
"F:\f\Voice2\RJ01224398_[펨돔,사정 컨트롤] 망가지는 쾌락 과 사정 관리, 엄격한 교도관님에게 구속당해 자유와 쾌락을 철저하게 통제당한다",1,133814228853824691
"F:\f\Voice\RJ266712 동정 사냥 ~ 감금 구속 역 강간 ~ ★",1,133814228373050330
"D:\vam_resources\Collections\Collections\sevenseason",1,133812995042463276
"Q:\s\voice\(1)unwrap\V-RJ244787\V-RJ244787\RJ244787.rar",1,133812449257580240
"Q:\s\voice\(1)unwrap\V-RJ01306706\V-RJ01306706\RJ01306706.zip",1,133812448776603347
"Q:\s\voice\(1)unwrap\V-RJ01304322-mp3\V-RJ01304322-mp3\RJ01304322.zip",1,133812447944102813
"Q:\s\voice\(1)unwrap\V-RJ01299959-mp3\V-RJ01299959-mp3\RJ01299959.zip",1,133812447858414224
"Q:\s\voice\(1)unwrap\V-RJ01274582-mp3\V-RJ01274582-mp3\RJ01294283.rar",1,133812447804818864
"Q:\s\voice\(1)unwrap\V-RJ01291902\V-RJ01291902\RJ01291902.zip",1,133812447694320795
"Q:\s\voice\(1)unwrap\V-RJ01288689-mp3\V-RJ01288689-mp3\RJ01288689.zip",1,133812447624278773
"Q:\s\voice\(1)unwrap\V-RJ01262312-mp3\V-RJ01262312-mp3\RJ01283213.zip",1,133812446422771568
"Q:\s\voice\(1)unwrap\V-RJ01282708\V-RJ01282708\RJ01282708.zip",1,133812446109448074
"Q:\s\voice\(1)unwrap\V-RJ01274582-mp3\V-RJ01274582-mp3\RJ01274582.rar",1,133812445916237791
"Q:\s\voice\(1)unwrap\V-RJ01271597-mp3\V-RJ01271597-mp3\RJ01271597.zip",1,133812445751990606
"Q:\s\voice\(1)unwrap\V-RJ01262312-mp3\V-RJ01262312-mp3\RJ01262312.zip",1,133812445571372115
"Q:\s\voice\(1)unwrap\V-RJ01255852\V-RJ01255852\RJ01255852.rar",1,133812444899306327
"Q:\s\voice\(1)unwrap\V-RJ01249220-mp3\V-RJ01249220-mp3\RJ01249220.zip",1,133812444577159499
"Q:\s\voice\(1)unwrap\V-RJ01206351-mp3\V-RJ01206351-mp3\RJ01206351.rar",1,133812444443947739
"Q:\s\voice\(1)unwrap\V-RJ01188983\V-RJ01188983\RJ01188983.zip",1,133812443527273447
"Q:\s\voice\(1)unwrap\V-RJ01172036\V-RJ01172036\RJ01172036.zip",1,133812442300529888
"Q:\s\voice\(1)unwrap\V-RJ01159090\V-RJ01159090\RJ01159090.zip",1,133812441194290950
"Q:\s\voice\(1)unwrap\V-RJ01077387\V-RJ01077387\RJ01077387\RJ01077387.zip",1,133812430956930995
"Q:\s\voice\RJ01180831__【마조 이외에는 절대로 틀리지 말아 주세요】오나사포 퀴즈 SHOW~마조 성기 생각에 빠져라♪~",1,133812429043777836
"F:\f\Voice2\RJ01186182_아마아마 졸린 기분 나쁜】 『국제 착정 기구』에 연구 대상으로 인정받고, 기분 좋게 졸려 미소녀 직원에게 매일 사무적이고 졸음에 상냥하게 착정 받는 비일상 생활",1,133812422881143731
"F:\f\Voice2\RJ01186182_【아마아마 졸린 기분 나쁜】 『국제 착정 기구』에 연구 대상으로 인정받고, 기분 좋게 졸려 미소녀 직원에게 매일 사무적이고 졸음에 상냥하게 착정 받는 비일상 생활",1,133812422855837006
"S:\s\voice\RJ01036421_[압박 착정][반대 강간]소 유령의 성 노예 생활, 일반 시민 쇼타의 당신은 소 유령에 납치당했고 몇번 사정해도 강제 수유로 회복되고 착취하는,",1,133812412959421122
"F:\f\Voice2\RJ01219422 [3시간×W드S 자매×W감금 능○]~6년만의 시골로 귀향한 나는…소중한 약속을 잊고 소꿉친구 자매에게 저질러져 탐닉한다… ~도스케베폭유 S자매 JK×2에 의한 W능○감금성 활동\※製品版【改正版】\■03_本編『SEありMP3』\8章　ＷドＳ爆乳姉妹たちと…W動物立ちバック＆Ｗアナル立ちバック中出し交尾…強烈な耳舐め＆罵り＆ビンタ…♪.mp3",1,133807358784161523
"D:\vam_resources\Collections\Collections\Dnaddr\2024-12-11_pack\Dnaddr_Yu_AFD_Boss963_Fixed Morphs\Dnaddr.Yu_玉_AFD23_7_11-2_2.1.var",1,133807300864102047
"D:\vam_resources\Collections\Collections\Nobis",1,133807270996475011
"Q:\s\voice\RJ01119854_[반대 강간]악의 사이보그 착정 고문, 동료를 돕는 데 악의 조직의 은신처를 타면 착정 사이보그에 붙잡히고, 히어로의 힘을 정자와 함께 착취됬어~_SSS+",1,133802112715913211
"Q:\s\voice\RJ339404_악의 엄마 괴인 낳을 고쳐♪ 정의의 히어로 밥 밥 처형 ♪",1,133802060695235926
"D:\vam_resources\Collections\Collections\PrimeMocap\PrimeMocap_Collection_2024-02-07\PrimeMocap_Collection\Looks\PrimeMocap.Aimi.1.var",1,133797782106356135
"D:\vam_resources\Collections\Collections\(1)etc\Chinese\KONGKONG",1,133797772329739743
"P:\f\Voice2\RJ01101773 [즉시 플레이] 밀착 제로 거리 3P 역치 ○♪ 만원 전차의 유혹 샌드위치로 저항 못하고 연속 사정",1,133797751594920669
"Q:\s\voice\RJ294142_서큐버스의 메스이키 계획",1,133797750698827834
