Search,Search Count,Last Search Date
"ext:var dupe:",61,133840773547838678
"parent:D:\vam_resources\Collections\Collections",59,133840774068744092
"ext:var dupe: D:\vam_resources\Dependency",44,133840773904983511
"ext:var dupe: ",36,133840772721594142
"Q:\s\voice\(1)unwrap ext:zip|ext:exe|ext:rar",35,133840774193197838
"C:\Users\creat\vam_collection_link\All nhnl",11,133838378599473408
"D:\vam_resources\Collections\Collections\_part1\bangbang dupe:",10,133839910257674140
"parent:D:\vam_resources\Collections\Collections nhnl",10,133838378594037453
"@#vam !H: !C:\Users\bae",9,133840774211566772
"D:\vam_resources\vam !D:\vam_resources\vam\Saves\PluginData\JayJayWon\BrowserAssist dc:>=2024-10-16T",3,133840774142521942
"ext:var archer chao",3,133840739862716062
"ext:var vam-k",3,133840739852846751
"D:\vam_resources\vars ext:var",3,133840100194469269
"D:\vam_resources\Collections\Collections\_part1 ext:var",3,133839922424373618
"D:\vam_resources\vam !D:\vam_resources\vam\Saves\PluginData\JayJayWon\BrowserAssist dc:>=2024-10-16T dupe:",3,133839909556337711
"D:\vam_resources\Collections\Collections\_part1 !ext:var !folder:",3,133839907130183502
"parent:D:\vam_resources\Collections\Collections cg",3,133826956570167456
"감금",3,133812427321559850
"@#vam",2,133840774672989755
"riddler ext:var !attrib:L",2,133840667446532841
"D:\vam_resources\vars\___VarTidied___ ext:var",2,133840117807103818
"HuaYin_socks.vaj",2,133839910248593756
"VAM_XK - Head.vmb",2,133839910160695030
"vamyongji雏田-b7c0634f.vmb",2,133839910009113005
"ext:var timeline 287",2,133839876406706069
"ext:var jj builds .jjcruise.1.var",2,133839751253522511
"C:\Users\creat\vam_collection_link\All no",2,133838377620356049
"@#config pw",2,133837170968330231
"parent:D:\vam_resources\Collections\Collections odd",2,133833039857161671
"parent:D:\vam_resources\Collections\Collections zen",2,133827020448734288
"VAMFantasy.Liz_Cherraud.",2,133826913970965529
"시골 감금",2,133812474422058437
"ext:var dupe: !""D:\vam_resources\Collections\Collections\TGC\TGC_Collection-2024-10-17""",2,133797779751708195
"vd:",1,133840773825453003
"ext:var dupe: D:\vam_resources\Plugins",1,133840772580875924
"D:\vam_resources\Plugins\vars ext:var",1,133840769219314784
"Nyaacho.MassMorphManager.1",1,133840767928762278
"@#vam plug",1,133840746919419338
"ext:var D:\vam_resources\vars\___VarTidied___",1,133840740150236181
"ext:var vamsoy angel",1,133840739760007630
"ext:var vvvevevvv dark_pla",1,133840720723114387
"ext:var Riddler.Pirate_Outfit.1",1,133840716775970445
"ext:var qiaqia.Xiuzhu.1",1,133840716352225015
"ext:var Riddler dupe: D:\vam_resources\vars\___VarnotComplyRule___",1,133840716194667921
"ext:var Riddler dupe:",1,133840715770775063
"@#vam var",1,133840680011622477
"every @#",1,133840672949613920
"attribdupe:L ext:var",1,133840670552594884
"attrib:L !folder: ext:var",1,133840670413568719
"ext:var !attrib:L timeline",1,133840669073189085
"ext:var !attrib:L",1,133840669021587445
"D:\vam_resources\Plugins ext:var bodyla",1,133840213355313439
"@#vam ",1,133840107963184282
"VL_13.Eyelids_look.1",1,133840089512075623
"hazmhox.vammoan.22",1,133840087937653485
"naturali ext:var !attrib:L",1,133840083978385750
"D:\vam_resources\Collections\after_var_moved !folder: !pic: !ext:txt",1,133839924383404975
"D:\vam_resources\Collections\after_var_moved !folder: !pic: !ext",1,133839924346211266
"D:\vam_resources\Collections\after_var_moved !folder: !pic:",1,133839924222538127
"Riddler.Farm_Boots.1.var",1,133839920493047479
"D:\vam_resources\Collections\arcalive !folder:",1,133839911550292108
"D:\vam_resources\Collections\Collections\_part1 !folder: !pic: !ext:txt",1,133839910554468648
"Tex_0080_0 .png",1,133839909937798791
"D:\vam_resources\Collections\Collections\_part1 !ext:var !folder: !pic: !ext:txt",1,133839907417998197
"D:\vam_resources\Collections\Collections\_part1 !ext:var !folder: !pic:",1,133839907225715899
"PAOFUHair01.jpg",1,133839906752392124
"D:\vam_resources\Collections\Collections\(1)etc ext:var",1,133839902647010207
"browserassis",1,133839895964083155
"D:\vam_resources\Plugins ext:var",1,133839893838994787
"jj builds",1,133839882094262384
"jj builds .jjcruise.1.var",1,133839881567609343
"D:\vam_resources\Dependency ext:var",1,133839878548282060
"D:\vam_resources\Dependency",1,133839878100065264
"D:\vam_resources\Dependency !ext:var ",1,133839877873247700
"D:\vam_resources\Dependency !ext:var txt",1,133839877795025626
"D:\vam_resources\Dependency !ext:var",1,133839877742494549
"AcidBubbles.Timeline.287",1,133839876992562982
"D:\vam_resources\Collections\Collections\abc_tits ext:var",1,133839870986882911
"ext:var mirror ky10",1,133839831096913433
"ext:var parenthold",1,133839819092289661
"ext:var paledri ",1,133839789767862561
"D:\vam_resources\Collections\Collections\Hunting-Succubus ext:var",1,133839787910913042
"D:\vam_resources\vars\___VarTidied___ timeli",1,133839778748950450
"Layered Beauty Mark 2.vam",1,133839752757774716
"ext:var jj builds .jjcruise.1.var !D:\",1,133839749896453013
"ext:var abc tits never",1,133839743327470482
"ext:var beixi.vip",1,133839743045361541
"ext:var build",1,133839742289253811
"abc tits.BunnyStyle_Sex.1 ",1,133839740570126009
"D:\vam_resources\vars !folder:",1,133839739343811889
"ext:var dupe: C:\Users\creat\vam\AddonPackages.back",1,133839715649528797
"ext:txt dupe: C:\Users\creat\vam\AddonPackages.back\Dependency",1,133839715042526916
"ext:var dupe: C:\Users\creat\vam\AddonPackages.back\Dependency",1,133839714893410626
"ext:var 邦邦.灵儿-优化版.1",1,133839224781840578
"ext:var Rooiboss.SU_CASUAL_JACKET04",1,133839190806181322
"ext:var AnalogueBob.BJ_Deluxe.2",1,133839190733031791
"ext:var Shadow Rooiboss.SU_CASUAL_JACKET04",1,133839188905874599
"ext:var Shadow Venom.Stage_Scripts_01.1.var",1,133839188877887723
"acidbubbles passen",1,133839177852680797
"lut pack icannot",1,133839039903091970
"ext:var wolveri lauren",1,133839013867596054
"ext:var vam_sese",1,133839013608796376
"ext:var supersamoth rig",1,133839013547367493
"ext:var haigui",1,133839013287859765
"ext:var dlskd9 sophi jen",1,133839012907834620
"ext:var chil pop highhe vanle",1,133839012406055921
"ext:var akkeve rina",1,133839011410238032
"postmagic mac",1,133839005278916658
"postmagic",1,133839005019373236
"ext:var postma",1,133839004854433228
"visualStudioTheme",1,133838973851772758
"recycle.bin",1,133838972103126568
"regex: explore*",1,133838890400238663
"explore.exe",1,133838889664313924
"keybindings",1,133838885679563773
"alacritty",1,133838875267413771
"DemonLord.DependencyViewer.5",1,133838369743492773
"Glance.2",1,133838362053811937
"everlaster.Lumination.1",1,133838359812812949
"everlaster.Naturalis.9",1,133838358416654521
"ext:var TittyMagic 70",1,133838357662845163
"ext:var TittyMagic",1,133838357628079106
"@#conf ala",1,133838291174988487
"posinghe",1,133838072457296608
"C:\Users\creat\vam ext:json",1,133837996635285872
"C:\Users\creat\vam user",1,133837996449455528
"ext:var zen_24",1,133837563641998179
"@#vam !H: ",1,133837424080220736
"@#vam !H: log",1,133837422520719135
"@#vam !H:",1,133837421681569737
"snipp tool exe",1,133837207604287943
"pwsh.exe",1,133837194565007149
"@#config ala",1,133837192865370844
"alacritty.exe",1,133837191470306044
"Microsoft.PowerShell_profile.ps1",1,133837159383953052
"WindowSpy",1,133837113214955716
"@#conf",1,133836628153103668
"rustfmt.toml",1,133836625006121651
"pub fn ",1,133836494949422037
"R",1,133836493923561351
"@#config",1,133836486102951845
"@#",1,133836484217069157
"EyeShadow_A.png",1,133833210633506938
"tingti",1,133833174975186454
"ext:var dupe: !D:\vam_resources\Collections\Collections\RANGO\Rango_Collection-2025-02-02",1,133833171698018964
"parent:D:\vam_resources\Collections\Collections rango",1,133833169085324518
"油腻的",1,133833042358707242
"parent:D:\vam_resources\Collections\Collections qia",1,133833039656584270
"parent:D:\vam_resources\Collections\Collections qf",1,133833039288882925
"ext:var 小雅",1,133833027573181660
"灵儿 ext:var",1,133833005498586391
"parent:C:\Users\creat\vam_collection_link\All demon",1,133827018846752937
"AlpacaLaps.Stay.8.",1,133826958306920644
"AlpacaLaps.Animals_Extended.",1,133826958227328831
"parent:D:\vam_resources\Collections\Collections alpa",1,133826957033732749
"ext:var dupe: !D:\vam_resources\Collections\Collections\CG-Studios\CG-STUDIO_POGVR_Col_Update-2025-01-02\POGVR",1,133826954883069035
"Vmax.Bunny_Girl_set.1.var",1,133826954230142307
"Shirt_Styling_Outerwear",1,133826949910209097
"vvvevevvv.Angel_Secrets_Confidence_Outfit.1.var",1,133826944878348125
"VAMSOY.Feet_tickle.1.var ",1,133826941877866392
"parent:D:\vam_resources\Collections\Collections soy",1,133826941457069979
"parent:D:\vam_resources\Collections\Collections demon",1,133826940254816603
"parent:D:\vam_resources\Collections\Collections anjbgo",1,133826939166728636
"Chill_PopRun.linda_her_feet.2",1,133826938772725953
"parent:D:\vam_resources\Collections\Collections chill",1,133826938354568344
"ext:var dupe: D:\vam_resources\Collections\Collections\VirtAmateur\VirtAmateur_Pack2-2024-08-17",1,133826935533013359
"ext:var dupe: D:\vam_resources\Collections\Collections\VirtAmateur\VirtAmateur_Pack1-2024-08-17",1,133826935273864857
"ext:var dupe: !D:\vam_resources\Collections\Collections\VirtAmateur\VirtAmateur_Col_Pack_1-2024-11-28|!""D:\vam_resources\Collections\Collections\VirtAmateur\VirtAmateur_Col_Pack_2-2024-11-28"" ",1,133826935023400504
"ext:var dupe: !D:\vam_resources\Collections\Collections\VirtAmateur\VirtAmateur_Col_Pack_1-2024-11-28|D:\vam_resources\Collections\Collections\VirtAmateur\VirtAmateur_Col_Pack_2-2024-11-28",1,133826934815135978
"ext:var dupe: !D:\vam_resources\Collections\Collections\VirtAmateur\VirtAmateur_Col_Pack_1-2024-11-28|!D:\vam_resources\Collections\Collections\VirtAmateur\VirtAmateur_Col_Pack_2-2024-11-28",1,133826934582612560
"ext:var dupe: !D:\vam_resources\Collections\Collections\VirtAmateur\VirtAmateur_Col_Pack_1-2024-11-28",1,133826934409538051
"ext:var dupe: !D:\vam_resources\Collections\Collections\VirtAmateur\VirtAmateur_Col_Old_Versions-2024-11-28",1,133826933563523952
"ext:var dupe: !D:\vam_resources\Collections\Collections\MonsterShinkai\MonsterShinkai_Collection-2025-01-13",1,133826932050853586
"VirtAmateur.Scene_48_Hotel_Fun.24.jpg",1,133826930908480356
"VirtAmateur.Scene_30_Lap_Dance_with_Nyn-Seo.2.var",1,133826930865919315
"VirtAmateur.Males.1.var",1,133826930799680862
"parent:D:\vam_resources\Collections\Collections ama",1,133826929842565094
"parent:D:\vam_resources\Collections\Collections monster",1,133826929241525994
"PrimeMocap.Christmas_2024.1.",1,133826925476485134
"PrimeMocap.CowGirlsDance.1 .v",1,133826925172048346
"PrimeMocap.Shake_The_Ground.1 .va",1,133826924929552672
"parent:D:\vam_resources\Collections\Collections prime",1,133826924389246268
"parent:D:\vam_resources\Collections\Collections AndiFang",1,133826923115685837
"vamxw.",1,133826922557800377
"vamhappy.H028_Hair.1.var",1,133826922143938326
"AWG.classic_high_heel_plus.1",1,133826921079160534
"everlaster.Naturalis.",1,133826919568603011
"DemonLord.ParticlesControl.",1,133826918962936126
"DemonLord.DLUtils.",1,133826918712280800
"14mhz.Plugin-AutoFlutterTongue.",1,133826918636263947
"ZRSX.Character_transparency.",1,133826918584044373
"YUM_VAM.Erotic_Sweater.",1,133826918502448287
"Yoooi.ToySerialController.",1,133826918444377890
"Yep.Shoes_Set.",1,133826918363404687
"Yaneks.Christmas_Set.",1,133826918317478972
"YameteOuji.Shirt_T-ShirtAB.",1,133826918289070231
"trety.EyesIrisFixes.",1,133826918233878075
"TBD.CameraPinnedUI.",1,133826918172732378
"RunRudolf.RealisticForeskinSim.",1,133826918113401910
"Redeyes.Yet_Another_Cum_Pack.",1,133826918054216470
"Redeyes.Yet_Another_Cum_Pack.4",1,133826917999701837
"maru01.mbikini05.",1,133826917986007782
"ky1001.HandMorphManager.",1,133826917908787776
"Juno.Thigh_High_Stockings.",1,133826917852733527
"JayJayWon.AtomStorablesCatalogue.",1,133826917808403846
"JackyCracky.Various_BodyMorphs.",1,133826917765470797
"Jackaroo.WaterLilyTemple.",1,133826917678829031
"Ivam.Ashleys_Apartment.",1,133826917657327246
"HeMao.12_Tentacle_Ecology_1_Free.",1,133826917570863848
"hazmhox.vamatmosphere.",1,133826917478132665
"HAL9001.BeatIt.",1,133826917345155720
"Evo.PoseConvert.",1,133826917098152151
"everlaster.Snippets.",1,133826916788349274
"ddaamm.hair_short13.",1,133826916559603436
"ddaamm.hair_short13.2",1,133826916490117952
"Damarmau.DAMAR_morphs.",1,133826916388796962
"Damarmau.DAMAR_morphs.23",1,133826916357191700
"CheesyFX.ShakeIt.",1,133826916254776012
"Androinz.Belline_Ultimate.",1,133826915573470457
"AcidBubbles.Voxta.",1,133826915442979703
"14mhz.Plugin-View2Atom.",1,133826915138353755
"14mhz.Look03-Sulwon.",1,133826915011239701
"filelist:""C:\Users\creat\vam\AddonPackages\Zen.ZEN_227.2.var""",1,133826914983163694
"Zen.ZEN_227.",1,133826914781498945
"VL_13.Pants_RT.",1,133826914620210887
"Vam_Herous.Pose_MFF_free.",1,133826914500354359
"VAMSOY.The_Raining_Night_2_0.",1,133826914364704031
"VAMFantasy.Meditation.",1,133826914179631074
"Riddler.Skin_14b.",1,133826913815805395
"Feel.HarleyDavidson.",1,133826913531651613
"Riddler.Skin_14b.3",1,133826912995054453
"Feel.HarleyDavidson.6",1,133826912927436025
"vamhappy.H031_Hair.1.v",1,133826904800799961
"amhappy.H029_Hair.1 .var ",1,133826904532068868
"vamhappy.H021.1.v",1,133826904398331146
"vamhappy.P001.3",1,133826904130260251
"vamhappy.H022.1.va",1,133826904087040971
"parent:D:\vam_resources\Collections\Collections hap",1,133826903346087261
"parent:D:\vam_resources\Collections\Collections feng",1,133826897715038588
"parent:D:\vam_resources\Collections\Collections moyi",1,133826897654383083
"moyi.鸢.1",1,133826897456619773
"ext:var dupe: !D:\vam_resources\Collections\Collections\vvvevevvv\vvvevevvv_Pack_12",1,133826894863667985
"QFeng.keai.1.v",1,133826892595416445
"邦邦.灵儿-优化版.1.",1,133826891461105713
"yangyang.雪山飞狐.1.",1,133826890499103815
"TSX.熟奴.2.va",1,133826888546700067
"vvvevevvv.Fall_Fashion_Outfit.1.v",1,133826883858940454
"vvevevvv.Backless_Suit_Outfit.1.var ",1,133826883806584800
"vvvevevvv.Cool_Suit_Outfit.1.var",1,133826883674122752
"vevevvv.Cool_Suit_Outfit.1.var ( 22.1 ",1,133826883641420507
"vvvevevvv.Victorian bedroom.1.v",1,133826883538604088
"vvevevvv.Sleeveless Jumpsuit.1.v",1,133826883490968369
"vvvevevvv.Ruffle_Tie_outfit.1.v",1,133826883391967921
"vvevevvv.Ninties_Nostalgia_Outfit",1,133826883318523115
"vvvevevvv.Leather_Jumpsuit.1.va",1,133826883193937215
"vvvevevvv.Hot_Tight_High_Pointy_Boots.1.v",1,133826883068878862
"vvvevevvv.Flowing_Sleeves_",1,133826882963126388
"vvvevevvv.Evening_Dress.1.v",1,133826882839976432
"vvevevvv.Elpis_Mage_Armor.1.v",1,133826882793515590
"vvvevevvv.Easy_Pants.1.var",1,133826882783325444
"vvvevevvv.Cute_Dress.1.var ",1,133826882641180194
"vvvevevvv.Cosplay_Costume_Outfit.1.",1,133826882607273002
"vvvevevvv.CatMeowEars.1.va",1,133826882474466698
"vvvevevvv.Bodysuit_Sweater.1.va",1,133826882433287655
"vvvevevvv.Attitude_Dress.1.var",1,133826882241342225
"vvvevevvv.Attitude_Dress.1.var ( 46.4 MB ",1,133826882206409991
"vvvevevvv.Alt_Cunningham_Outfit.1.",1,133826882155343471
"vvvevevvv.Cape_Lingerie.1.var ",1,133826881878140097
"parent:D:\vam_resources\Collections\Collections vvv",1,133826881505533293
"lv.Lin.1.var ",1,133826880532930534
"CheekiBreeki.Sexy_Kpop_Dances.22.v",1,133826879856169368
"ext:var vmax",1,133826878096398056
"ext:var dupe: D:\vam_resources\Collections\Collections\K-DURK\K-DURK-K-DUCK_Collection",1,133826876877178901
"ext:var K-DURK.",1,133826875641377774
"Dnaddr.Yolanda_v2_P_25_1_9.1",1,133826873730607097
"ShinyAndroid",1,133826867108101611
"parent:D:\vam_resources\Collections\Collections jell",1,133826864870863938
"parent:D:\vam_resources\Collections\Collections annubis",1,133826862146295916
"ext:var c&g-studio strip",1,133826862066696953
"folder: 구속",1,133814228793047729
"folder: 강간",1,133814227947150255
"parent:D:\vam_resources\Collections\Collections seven",1,133812995040739671
"RJ01235523",1,133812469213746385
"RJ01219211",1,133812456690215879
"RJ01215193",1,133812441156253839
"RJ01306857",1,133812431576977309
"RJ297368",1,133812430850855802
"RJ01180831",1,133812429025002481
"마조",1,133812427697472696
"간호사",1,133812427644985171
"RJ01186182",1,133812422777346806
"RJ01269497",1,133812420134046003
"착정",1,133812412913108917
"RJ01212522",1,133812391082926641
"RJ421927",1,133812381132984524
"8章　ＷドＳ爆乳姉妹たちと…W動物立ちバック＆Ｗアナル立ちバック中出し交尾…強烈な耳舐め＆罵り＆ビンタ…♪",1,133807358765271261
"ext:var dupe: !D:\vam_resources\Collections\Collections\Dnaddr\2024-12-11_pack",1,133807300515713530
"ext:var dupe: !D:\vam_resources\Collections\Collections\Dnaddr",1,133807299761330070
"MacGruber.Life.13",1,133807297813686508
"ext:var cuddlemo looping cha",1,133807280342375923
"parent:D:\vam_resources\Collections\Collections nobis",1,133807270966827639
"parent:D:\vam_resources\Collections\Collections ",1,133807270904433813
"악의 사이보그",1,133802112637244319
"AcidBubbles.Passenger.4.var",1,133802086459556999
"folder: 악의",1,133802060607710190
"RJ01015070",1,133802058743846230
"메스 가키",1,133797797424367495
"ext:var dupe: !""D:\vam_resources\Collections\Collections\AlpacaLaps Collection [2023-06-14]\AlpacaLaps_Collection-2024-12-16""",1,133797787747026020
"rimeMocap.",1,133797782074215232
"ext:var dupe: !""D:\vam_resources\Collections\Collections\FishBig\FishBig_Col_Update-2024-12-10""",1,133797781369293979
"ext:var dupe: C:\Users\creat\vam\AddonPackages",1,133797781156108778
"ext:var dupe: !""D:\vam_resources\Collections\Collections\TGC\TGC_Collection-2024-10-17"" !""D:\vam_resources\Dependency""",1,133797779575007884
"ext:var TGC",1,133797776359201423
"ext:var dupe: !""D:\vam_resources\Collections\Collections\Anjbgo\Anjbgo_Collection-2024-12-05""",1,133797773168491768
"kongkong",1,133797772314516274
"Anjbgo",1,133797770828397374
"everlaster.Naturalis.85",1,133797768611879500
"everlaster ext:var",1,133797766309950158
"만원",1,133797751571691817
"메스",1,133797750687897291
"도태 동정",1,133797749192163582
"folder: 로봇|안드|섹서|이드",1,133792594727576580
"folder: 로봇|안드|섹서",1,133792586669977639
"folder: 로봇|착정",1,133792586380063660
"folder: ""역 레""|역레",1,133792585383549836
